"0","#使用list.files()获取文件列表"
"0","file_list <- list.files(path = ""./data/match"", #制定所读文件夹路径"
"0","                  pattern = ""data_exp7_rep_match_.*\\.out"",#使用通配符"
"0","                  full.names = TRUE)"
"0","#使用lapply批量读取文件"
"0","data_list <- lapply(file_list, #指定读取file_list里的文件名"
"0","                    read.csv, #应用read.csv函数"
"0","                    header = TRUE, #使用第一行作为列名"
"0","                    sep = """",#读取文件的分隔符"
"0","                    stringsAsFactors = FALSE)"
